[
  {
    "name": "stepmill machine"
  },
  {
    "name": "elliptical machine"
  },
  {
    "name": "trap bar"
  },
  {
    "name": "tire"
  },
  {
    "name": "stationary bike"
  },
  {
    "name": "wheel roller"
  },
  {
    "name": "smith machine"
  },
  {
    "name": "hammer"
  },
  {
    "name": "skierg machine"
  },
  {
    "name": "roller"
  },
  {
    "name": "resistance band"
  },
  {
    "name": "bosu ball"
  },
  {
    "name": "weighted"
  },
  {
    "name": "olympic barbell"
  },
  {
    "name": "kettlebell"
  },
  {
    "name": "upper body ergometer"
  },
  {
    "name": "sled machine"
  },
  {
    "name": "ez barbell"
  },
  {
    "name": "dumbbell"
  },
  {
    "name": "rope"
  },
  {
    "name": "barbell"
  },
  {
    "name": "band"
  },
  {
    "name": "stability ball"
  },
  {
    "name": "medicine ball"
  },
  {
    "name": "assisted"
  },
  {
    "name": "leverage machine"
  },
  {
    "name": "cable"
  },
  {
    "name": "body weight"
  }
]
